A,B,M,N
37,38,48,49
38,39,48,49
38,39,49,50
39,40,48,49
39,40,49,50
39,40,50,51
40,41,42,43
40,41,43,44
40,41,44,45
40,41,45,46
40,41,46,47
40,41,47,48
40,41,48,49
40,41,49,50
40,41,50,51
40,41,51,52
41,42,43,44
41,42,44,45
41,42,45,46
41,42,46,47
41,42,47,48
41,42,48,49
41,42,49,50
41,42,50,51
41,42,51,52
41,42,52,53
42,43,44,45
42,43,45,46
42,43,46,47
42,43,47,48
42,43,48,49
42,43,49,50
42,43,50,51
42,43,51,52
42,43,52,53
42,43,53,54
43,44,45,46
43,44,46,47
43,44,47,48
43,44,48,49
43,44,49,50
43,44,50,51
43,44,51,52
43,44,52,53
43,44,53,54
43,44,54,55
44,45,46,47
44,45,47,48
44,45,48,49
44,45,49,50
44,45,50,51
44,45,51,52
44,45,52,53
44,45,53,54
44,45,54,55
44,45,55,56
45,46,47,48
45,46,48,49
45,46,49,50
45,46,50,51
45,46,51,52
45,46,52,53
45,46,53,54
45,46,54,55
45,46,55,56
45,46,56,57
46,47,48,49
46,47,49,50
46,47,50,51
46,47,51,52
46,47,52,53
46,47,53,54
46,47,54,55
46,47,55,56
46,47,56,57
46,47,57,58
47,48,49,50
47,48,50,51
47,48,51,52
47,48,52,53
47,48,53,54
47,48,54,55
47,48,55,56
47,48,56,57
47,48,57,58
47,48,58,59
48,49,50,51
48,49,51,52
48,49,52,53
48,49,53,54
48,49,54,55
48,49,55,56
48,49,56,57
48,49,57,58
48,49,58,59
48,49,59,60
49,50,51,52
49,50,52,53
49,50,53,54
49,50,54,55
49,50,55,56
49,50,56,57
49,50,57,58
49,50,58,59
49,50,59,60
49,50,60,61
50,51,52,53
50,51,53,54
50,51,54,55
50,51,55,56
50,51,56,57
50,51,57,58
50,51,58,59
50,51,59,60
50,51,60,61
50,51,61,62
51,52,53,54
51,52,54,55
51,52,55,56
51,52,56,57
51,52,57,58
51,52,58,59
51,52,59,60
51,52,60,61
51,52,61,62
51,52,62,63
52,53,54,55
52,53,55,56
52,53,56,57
52,53,57,58
52,53,58,59
52,53,59,60
52,53,60,61
52,53,61,62
52,53,62,63
52,53,63,64
53,54,55,56
53,54,56,57
53,54,57,58
53,54,58,59
53,54,59,60
53,54,60,61
53,54,61,62
53,54,62,63
53,54,63,64
53,54,64,65
54,55,56,57
54,55,57,58
54,55,58,59
54,55,59,60
54,55,60,61
54,55,61,62
54,55,62,63
54,55,63,64
54,55,64,65
54,55,65,66
55,56,57,58
55,56,58,59
55,56,59,60
55,56,60,61
55,56,61,62
55,56,62,63
55,56,63,64
55,56,64,65
55,56,65,66
55,56,66,67
56,57,58,59
56,57,59,60
56,57,60,61
56,57,61,62
56,57,62,63
56,57,63,64
56,57,64,65
56,57,65,66
56,57,66,67
56,57,67,68
57,58,59,60
57,58,60,61
57,58,61,62
57,58,62,63
57,58,63,64
57,58,64,65
57,58,65,66
57,58,66,67
57,58,67,68
57,58,68,69
58,59,60,61
58,59,61,62
58,59,62,63
58,59,63,64
58,59,64,65
58,59,65,66
58,59,66,67
58,59,67,68
58,59,68,69
58,59,69,70
59,60,61,62
59,60,62,63
59,60,63,64
59,60,64,65
59,60,65,66
59,60,66,67
59,60,67,68
59,60,68,69
59,60,69,70
59,60,70,71
60,61,62,63
60,61,63,64
60,61,64,65
60,61,65,66
60,61,66,67
60,61,67,68
60,61,68,69
60,61,69,70
60,61,70,71
60,61,71,72
61,62,63,64
61,62,64,65
61,62,65,66
61,62,66,67
61,62,67,68
61,62,68,69
61,62,69,70
61,62,70,71
61,62,71,72
62,63,64,65
62,63,65,66
62,63,66,67
62,63,67,68
62,63,68,69
62,63,69,70
62,63,70,71
62,63,71,72
63,64,65,66
63,64,66,67
63,64,67,68
63,64,68,69
63,64,69,70
63,64,70,71
63,64,71,72
25,27,47,49
26,28,48,50
27,29,47,49
27,29,49,51
28,30,48,50
28,30,50,52
29,31,47,49
29,31,49,51
29,31,51,53
30,32,48,50
30,32,50,52
30,32,52,54
31,33,35,37
31,33,37,39
31,33,39,41
31,33,41,43
31,33,43,45
31,33,45,47
31,33,47,49
31,33,49,51
31,33,51,53
31,33,53,55
32,34,36,38
32,34,38,40
32,34,40,42
32,34,42,44
32,34,44,46
32,34,46,48
32,34,48,50
32,34,50,52
32,34,52,54
32,34,54,56
33,35,37,39
33,35,39,41
33,35,41,43
33,35,43,45
33,35,45,47
33,35,47,49
33,35,49,51
33,35,51,53
33,35,53,55
33,35,55,57
34,36,38,40
34,36,40,42
34,36,42,44
34,36,44,46
34,36,46,48
34,36,48,50
34,36,50,52
34,36,52,54
34,36,54,56
34,36,56,58
35,37,39,41
35,37,41,43
35,37,43,45
35,37,45,47
35,37,47,49
35,37,49,51
35,37,51,53
35,37,53,55
35,37,55,57
35,37,57,59
36,38,40,42
36,38,42,44
36,38,44,46
36,38,46,48
36,38,48,50
36,38,50,52
36,38,52,54
36,38,54,56
36,38,56,58
36,38,58,60
37,39,41,43
37,39,43,45
37,39,45,47
37,39,47,49
37,39,49,51
37,39,51,53
37,39,53,55
37,39,55,57
37,39,57,59
37,39,59,61
38,40,42,44
38,40,44,46
38,40,46,48
38,40,48,50
38,40,50,52
38,40,52,54
38,40,54,56
38,40,56,58
38,40,58,60
38,40,60,62
39,41,43,45
39,41,45,47
39,41,47,49
39,41,49,51
39,41,51,53
39,41,53,55
39,41,55,57
39,41,57,59
39,41,59,61
39,41,61,63
40,42,44,46
40,42,46,48
40,42,48,50
40,42,50,52
40,42,52,54
40,42,54,56
40,42,56,58
40,42,58,60
40,42,60,62
40,42,62,64
41,43,45,47
41,43,47,49
41,43,49,51
41,43,51,53
41,43,53,55
41,43,55,57
41,43,57,59
41,43,59,61
41,43,61,63
41,43,63,65
42,44,46,48
42,44,48,50
42,44,50,52
42,44,52,54
42,44,54,56
42,44,56,58
42,44,58,60
42,44,60,62
42,44,62,64
42,44,64,66
43,45,47,49
43,45,49,51
43,45,51,53
43,45,53,55
43,45,55,57
43,45,57,59
43,45,59,61
43,45,61,63
43,45,63,65
43,45,65,67
44,46,48,50
44,46,50,52
44,46,52,54
44,46,54,56
44,46,56,58
44,46,58,60
44,46,60,62
44,46,62,64
44,46,64,66
44,46,66,68
45,47,49,51
45,47,51,53
45,47,53,55
45,47,55,57
45,47,57,59
45,47,59,61
45,47,61,63
45,47,63,65
45,47,65,67
45,47,67,69
46,48,50,52
46,48,52,54
46,48,54,56
46,48,56,58
46,48,58,60
46,48,60,62
46,48,62,64
46,48,64,66
46,48,66,68
46,48,68,70
47,49,51,53
47,49,53,55
47,49,55,57
47,49,57,59
47,49,59,61
47,49,61,63
47,49,63,65
47,49,65,67
47,49,67,69
47,49,69,71
48,50,52,54
48,50,54,56
48,50,56,58
48,50,58,60
48,50,60,62
48,50,62,64
48,50,64,66
48,50,66,68
48,50,68,70
48,50,70,72
49,51,53,55
49,51,55,57
49,51,57,59
49,51,59,61
49,51,61,63
49,51,63,65
49,51,65,67
49,51,67,69
49,51,69,71
50,52,54,56
50,52,56,58
50,52,58,60
50,52,60,62
50,52,62,64
50,52,64,66
50,52,66,68
50,52,68,70
50,52,70,72
51,53,55,57
51,53,57,59
51,53,59,61
51,53,61,63
51,53,63,65
51,53,65,67
51,53,67,69
51,53,69,71
52,54,56,58
52,54,58,60
52,54,60,62
52,54,62,64
52,54,64,66
52,54,66,68
52,54,68,70
52,54,70,72
53,55,57,59
53,55,59,61
53,55,61,63
53,55,63,65
53,55,65,67
53,55,67,69
53,55,69,71
54,56,58,60
54,56,60,62
54,56,62,64
54,56,64,66
54,56,66,68
54,56,68,70
54,56,70,72
13,16,46,49
14,17,47,50
15,18,48,51
16,19,46,49
16,19,49,52
17,20,47,50
17,20,50,53
18,21,48,51
18,21,51,54
19,22,46,49
19,22,49,52
19,22,52,55
20,23,47,50
20,23,50,53
20,23,53,56
21,24,48,51
21,24,51,54
21,24,54,57
22,25,28,31
22,25,31,34
22,25,34,37
22,25,37,40
22,25,40,43
22,25,43,46
22,25,46,49
22,25,49,52
22,25,52,55
22,25,55,58
23,26,29,32
23,26,32,35
23,26,35,38
23,26,38,41
23,26,41,44
23,26,44,47
23,26,47,50
23,26,50,53
23,26,53,56
23,26,56,59
24,27,30,33
24,27,33,36
24,27,36,39
24,27,39,42
24,27,42,45
24,27,45,48
24,27,48,51
24,27,51,54
24,27,54,57
24,27,57,60
25,28,31,34
25,28,34,37
25,28,37,40
25,28,40,43
25,28,43,46
25,28,46,49
25,28,49,52
25,28,52,55
25,28,55,58
25,28,58,61
26,29,32,35
26,29,35,38
26,29,38,41
26,29,41,44
26,29,44,47
26,29,47,50
26,29,50,53
26,29,53,56
26,29,56,59
26,29,59,62
27,30,33,36
27,30,36,39
27,30,39,42
27,30,42,45
27,30,45,48
27,30,48,51
27,30,51,54
27,30,54,57
27,30,57,60
27,30,60,63
28,31,34,37
28,31,37,40
28,31,40,43
28,31,43,46
28,31,46,49
28,31,49,52
28,31,52,55
28,31,55,58
28,31,58,61
28,31,61,64
29,32,35,38
29,32,38,41
29,32,41,44
29,32,44,47
29,32,47,50
29,32,50,53
29,32,53,56
29,32,56,59
29,32,59,62
29,32,62,65
30,33,36,39
30,33,39,42
30,33,42,45
30,33,45,48
30,33,48,51
30,33,51,54
30,33,54,57
30,33,57,60
30,33,60,63
30,33,63,66
31,34,37,40
31,34,40,43
31,34,43,46
31,34,46,49
31,34,49,52
31,34,52,55
31,34,55,58
31,34,58,61
31,34,61,64
31,34,64,67
32,35,38,41
32,35,41,44
32,35,44,47
32,35,47,50
32,35,50,53
32,35,53,56
32,35,56,59
32,35,59,62
32,35,62,65
32,35,65,68
33,36,39,42
33,36,42,45
33,36,45,48
33,36,48,51
33,36,51,54
33,36,54,57
33,36,57,60
33,36,60,63
33,36,63,66
33,36,66,69
34,37,40,43
34,37,43,46
34,37,46,49
34,37,49,52
34,37,52,55
34,37,55,58
34,37,58,61
34,37,61,64
34,37,64,67
34,37,67,70
35,38,41,44
35,38,44,47
35,38,47,50
35,38,50,53
35,38,53,56
35,38,56,59
35,38,59,62
35,38,62,65
35,38,65,68
35,38,68,71
36,39,42,45
36,39,45,48
36,39,48,51
36,39,51,54
36,39,54,57
36,39,57,60
36,39,60,63
36,39,63,66
36,39,66,69
36,39,69,72
37,40,43,46
37,40,46,49
37,40,49,52
37,40,52,55
37,40,55,58
37,40,58,61
37,40,61,64
37,40,64,67
37,40,67,70
38,41,44,47
38,41,47,50
38,41,50,53
38,41,53,56
38,41,56,59
38,41,59,62
38,41,62,65
38,41,65,68
38,41,68,71
39,42,45,48
39,42,48,51
39,42,51,54
39,42,54,57
39,42,57,60
39,42,60,63
39,42,63,66
39,42,66,69
39,42,69,72
40,43,46,49
40,43,49,52
40,43,52,55
40,43,55,58
40,43,58,61
40,43,61,64
40,43,64,67
40,43,67,70
41,44,47,50
41,44,50,53
41,44,53,56
41,44,56,59
41,44,59,62
41,44,62,65
41,44,65,68
41,44,68,71
42,45,48,51
42,45,51,54
42,45,54,57
42,45,57,60
42,45,60,63
42,45,63,66
42,45,66,69
42,45,69,72
43,46,49,52
43,46,52,55
43,46,55,58
43,46,58,61
43,46,61,64
43,46,64,67
43,46,67,70
44,47,50,53
44,47,53,56
44,47,56,59
44,47,59,62
44,47,62,65
44,47,65,68
44,47,68,71
45,48,51,54
45,48,54,57
45,48,57,60
45,48,60,63
45,48,63,66
45,48,66,69
45,48,69,72
1,5,45,49
2,6,46,50
3,7,47,51
4,8,48,52
5,9,45,49
5,9,49,53
6,10,46,50
6,10,50,54
7,11,47,51
7,11,51,55
8,12,48,52
8,12,52,56
9,13,45,49
9,13,49,53
9,13,53,57
10,14,46,50
10,14,50,54
10,14,54,58
11,15,47,51
11,15,51,55
11,15,55,59
12,16,48,52
12,16,52,56
12,16,56,60
13,17,21,25
13,17,25,29
13,17,29,33
13,17,33,37
13,17,37,41
13,17,41,45
13,17,45,49
13,17,49,53
13,17,53,57
13,17,57,61
14,18,22,26
14,18,26,30
14,18,30,34
14,18,34,38
14,18,38,42
14,18,42,46
14,18,46,50
14,18,50,54
14,18,54,58
14,18,58,62
15,19,23,27
15,19,27,31
15,19,31,35
15,19,35,39
15,19,39,43
15,19,43,47
15,19,47,51
15,19,51,55
15,19,55,59
15,19,59,63
16,20,24,28
16,20,28,32
16,20,32,36
16,20,36,40
16,20,40,44
16,20,44,48
16,20,48,52
16,20,52,56
16,20,56,60
16,20,60,64
17,21,25,29
17,21,29,33
17,21,33,37
17,21,37,41
17,21,41,45
17,21,45,49
17,21,49,53
17,21,53,57
17,21,57,61
17,21,61,65
18,22,26,30
18,22,30,34
18,22,34,38
18,22,38,42
18,22,42,46
18,22,46,50
18,22,50,54
18,22,54,58
18,22,58,62
18,22,62,66
19,23,27,31
19,23,31,35
19,23,35,39
19,23,39,43
19,23,43,47
19,23,47,51
19,23,51,55
19,23,55,59
19,23,59,63
19,23,63,67
20,24,28,32
20,24,32,36
20,24,36,40
20,24,40,44
20,24,44,48
20,24,48,52
20,24,52,56
20,24,56,60
20,24,60,64
20,24,64,68
21,25,29,33
21,25,33,37
21,25,37,41
21,25,41,45
21,25,45,49
21,25,49,53
21,25,53,57
21,25,57,61
21,25,61,65
21,25,65,69
22,26,30,34
22,26,34,38
22,26,38,42
22,26,42,46
22,26,46,50
22,26,50,54
22,26,54,58
22,26,58,62
22,26,62,66
22,26,66,70
23,27,31,35
23,27,35,39
23,27,39,43
23,27,43,47
23,27,47,51
23,27,51,55
23,27,55,59
23,27,59,63
23,27,63,67
23,27,67,71
24,28,32,36
24,28,36,40
24,28,40,44
24,28,44,48
24,28,48,52
24,28,52,56
24,28,56,60
24,28,60,64
24,28,64,68
24,28,68,72
25,29,33,37
25,29,37,41
25,29,41,45
25,29,45,49
25,29,49,53
25,29,53,57
25,29,57,61
25,29,61,65
25,29,65,69
26,30,34,38
26,30,38,42
26,30,42,46
26,30,46,50
26,30,50,54
26,30,54,58
26,30,58,62
26,30,62,66
26,30,66,70
27,31,35,39
27,31,39,43
27,31,43,47
27,31,47,51
27,31,51,55
27,31,55,59
27,31,59,63
27,31,63,67
27,31,67,71
28,32,36,40
28,32,40,44
28,32,44,48
28,32,48,52
28,32,52,56
28,32,56,60
28,32,60,64
28,32,64,68
28,32,68,72
29,33,37,41
29,33,41,45
29,33,45,49
29,33,49,53
29,33,53,57
29,33,57,61
29,33,61,65
29,33,65,69
30,34,38,42
30,34,42,46
30,34,46,50
30,34,50,54
30,34,54,58
30,34,58,62
30,34,62,66
30,34,66,70
31,35,39,43
31,35,43,47
31,35,47,51
31,35,51,55
31,35,55,59
31,35,59,63
31,35,63,67
31,35,67,71
32,36,40,44
32,36,44,48
32,36,48,52
32,36,52,56
32,36,56,60
32,36,60,64
32,36,64,68
32,36,68,72
33,37,41,45
33,37,45,49
33,37,49,53
33,37,53,57
33,37,57,61
33,37,61,65
33,37,65,69
34,38,42,46
34,38,46,50
34,38,50,54
34,38,54,58
34,38,58,62
34,38,62,66
34,38,66,70
35,39,43,47
35,39,47,51
35,39,51,55
35,39,55,59
35,39,59,63
35,39,63,67
35,39,67,71
36,40,44,48
36,40,48,52
36,40,52,56
36,40,56,60
36,40,60,64
36,40,64,68
36,40,68,72
1,6,46,51
1,6,51,56
1,6,56,61
2,7,47,52
2,7,52,57
2,7,57,62
3,8,48,53
3,8,53,58
3,8,58,63
4,9,14,19
4,9,19,24
4,9,24,29
4,9,29,34
4,9,34,39
4,9,39,44
4,9,44,49
4,9,49,54
4,9,54,59
4,9,59,64
5,10,15,20
5,10,20,25
5,10,25,30
5,10,30,35
5,10,35,40
5,10,40,45
5,10,45,50
5,10,50,55
5,10,55,60
5,10,60,65
6,11,16,21
6,11,21,26
6,11,26,31
6,11,31,36
6,11,36,41
6,11,41,46
6,11,46,51
6,11,51,56
6,11,56,61
6,11,61,66
7,12,17,22
7,12,22,27
7,12,27,32
7,12,32,37
7,12,37,42
7,12,42,47
7,12,47,52
7,12,52,57
7,12,57,62
7,12,62,67
8,13,18,23
8,13,23,28
8,13,28,33
8,13,33,38
8,13,38,43
8,13,43,48
8,13,48,53
8,13,53,58
8,13,58,63
8,13,63,68
9,14,19,24
9,14,24,29
9,14,29,34
9,14,34,39
9,14,39,44
9,14,44,49
9,14,49,54
9,14,54,59
9,14,59,64
9,14,64,69
10,15,20,25
10,15,25,30
10,15,30,35
10,15,35,40
10,15,40,45
10,15,45,50
10,15,50,55
10,15,55,60
10,15,60,65
10,15,65,70
11,16,21,26
11,16,26,31
11,16,31,36
11,16,36,41
11,16,41,46
11,16,46,51
11,16,51,56
11,16,56,61
11,16,61,66
11,16,66,71
12,17,22,27
12,17,27,32
12,17,32,37
12,17,37,42
12,17,42,47
12,17,47,52
12,17,52,57
12,17,57,62
12,17,62,67
12,17,67,72
13,18,23,28
13,18,28,33
13,18,33,38
13,18,38,43
13,18,43,48
13,18,48,53
13,18,53,58
13,18,58,63
13,18,63,68
14,19,24,29
14,19,29,34
14,19,34,39
14,19,39,44
14,19,44,49
14,19,49,54
14,19,54,59
14,19,59,64
14,19,64,69
15,20,25,30
15,20,30,35
15,20,35,40
15,20,40,45
15,20,45,50
15,20,50,55
15,20,55,60
15,20,60,65
15,20,65,70
16,21,26,31
16,21,31,36
16,21,36,41
16,21,41,46
16,21,46,51
16,21,51,56
16,21,56,61
16,21,61,66
16,21,66,71
17,22,27,32
17,22,32,37
17,22,37,42
17,22,42,47
17,22,47,52
17,22,52,57
17,22,57,62
17,22,62,67
17,22,67,72
18,23,28,33
18,23,33,38
18,23,38,43
18,23,43,48
18,23,48,53
18,23,53,58
18,23,58,63
18,23,63,68
19,24,29,34
19,24,34,39
19,24,39,44
19,24,44,49
19,24,49,54
19,24,54,59
19,24,59,64
19,24,64,69
20,25,30,35
20,25,35,40
20,25,40,45
20,25,45,50
20,25,50,55
20,25,55,60
20,25,60,65
20,25,65,70
21,26,31,36
21,26,36,41
21,26,41,46
21,26,46,51
21,26,51,56
21,26,56,61
21,26,61,66
21,26,66,71
22,27,32,37
22,27,37,42
22,27,42,47
22,27,47,52
22,27,52,57
22,27,57,62
22,27,62,67
22,27,67,72
23,28,33,38
23,28,38,43
23,28,43,48
23,28,48,53
23,28,53,58
23,28,58,63
23,28,63,68
24,29,34,39
24,29,39,44
24,29,44,49
24,29,49,54
24,29,54,59
24,29,59,64
24,29,64,69
25,30,35,40
25,30,40,45
25,30,45,50
25,30,50,55
25,30,55,60
25,30,60,65
25,30,65,70
26,31,36,41
26,31,41,46
26,31,46,51
26,31,51,56
26,31,56,61
26,31,61,66
26,31,66,71
27,32,37,42
27,32,42,47
27,32,47,52
27,32,52,57
27,32,57,62
27,32,62,67
27,32,67,72
1,7,13,19
1,7,19,25
1,7,25,31
1,7,31,37
1,7,37,43
1,7,43,49
1,7,49,55
1,7,55,61
1,7,61,67
2,8,14,20
2,8,20,26
2,8,26,32
2,8,32,38
2,8,38,44
2,8,44,50
2,8,50,56
2,8,56,62
2,8,62,68
3,9,15,21
3,9,21,27
3,9,27,33
3,9,33,39
3,9,39,45
3,9,45,51
3,9,51,57
3,9,57,63
3,9,63,69
4,10,16,22
4,10,22,28
4,10,28,34
4,10,34,40
4,10,40,46
4,10,46,52
4,10,52,58
4,10,58,64
4,10,64,70
5,11,17,23
5,11,23,29
5,11,29,35
5,11,35,41
5,11,41,47
5,11,47,53
5,11,53,59
5,11,59,65
5,11,65,71
6,12,18,24
6,12,24,30
6,12,30,36
6,12,36,42
6,12,42,48
6,12,48,54
6,12,54,60
6,12,60,66
6,12,66,72
7,13,19,25
7,13,25,31
7,13,31,37
7,13,37,43
7,13,43,49
7,13,49,55
7,13,55,61
7,13,61,67
8,14,20,26
8,14,26,32
8,14,32,38
8,14,38,44
8,14,44,50
8,14,50,56
8,14,56,62
8,14,62,68
9,15,21,27
9,15,27,33
9,15,33,39
9,15,39,45
9,15,45,51
9,15,51,57
9,15,57,63
9,15,63,69
10,16,22,28
10,16,28,34
10,16,34,40
10,16,40,46
10,16,46,52
10,16,52,58
10,16,58,64
10,16,64,70
11,17,23,29
11,17,29,35
11,17,35,41
11,17,41,47
11,17,47,53
11,17,53,59
11,17,59,65
11,17,65,71
12,18,24,30
12,18,30,36
12,18,36,42
12,18,42,48
12,18,48,54
12,18,54,60
12,18,60,66
12,18,66,72
13,19,25,31
13,19,31,37
13,19,37,43
13,19,43,49
13,19,49,55
13,19,55,61
13,19,61,67
14,20,26,32
14,20,32,38
14,20,38,44
14,20,44,50
14,20,50,56
14,20,56,62
14,20,62,68
15,21,27,33
15,21,33,39
15,21,39,45
15,21,45,51
15,21,51,57
15,21,57,63
15,21,63,69
16,22,28,34
16,22,34,40
16,22,40,46
16,22,46,52
16,22,52,58
16,22,58,64
16,22,64,70
17,23,29,35
17,23,35,41
17,23,41,47
17,23,47,53
17,23,53,59
17,23,59,65
17,23,65,71
18,24,30,36
18,24,36,42
18,24,42,48
18,24,48,54
18,24,54,60
18,24,60,66
18,24,66,72
1,8,15,22
1,8,22,29
1,8,29,36
1,8,36,43
1,8,43,50
1,8,50,57
1,8,57,64
1,8,64,71
2,9,16,23
2,9,23,30
2,9,30,37
2,9,37,44
2,9,44,51
2,9,51,58
2,9,58,65
2,9,65,72
3,10,17,24
3,10,24,31
3,10,31,38
3,10,38,45
3,10,45,52
3,10,52,59
3,10,59,66
4,11,18,25
4,11,25,32
4,11,32,39
4,11,39,46
4,11,46,53
4,11,53,60
4,11,60,67
5,12,19,26
5,12,26,33
5,12,33,40
5,12,40,47
5,12,47,54
5,12,54,61
5,12,61,68
6,13,20,27
6,13,27,34
6,13,34,41
6,13,41,48
6,13,48,55
6,13,55,62
6,13,62,69
7,14,21,28
7,14,28,35
7,14,35,42
7,14,42,49
7,14,49,56
7,14,56,63
7,14,63,70
8,15,22,29
8,15,29,36
8,15,36,43
8,15,43,50
8,15,50,57
8,15,57,64
8,15,64,71
9,16,23,30
9,16,30,37
9,16,37,44
9,16,44,51
9,16,51,58
9,16,58,65
9,16,65,72
72,71,70,69
72,71,69,68
72,71,68,67
72,71,67,66
72,71,66,65
72,71,65,64
72,71,64,63
72,71,63,62
72,71,62,61
72,71,61,60
71,70,69,68
71,70,68,67
71,70,67,66
71,70,66,65
71,70,65,64
71,70,64,63
71,70,63,62
71,70,62,61
71,70,61,60
71,70,60,59
70,69,68,67
70,69,67,66
70,69,66,65
70,69,65,64
70,69,64,63
70,69,63,62
70,69,62,61
70,69,61,60
70,69,60,59
70,69,59,58
69,68,67,66
69,68,66,65
69,68,65,64
69,68,64,63
69,68,63,62
69,68,62,61
69,68,61,60
69,68,60,59
69,68,59,58
69,68,58,57
68,67,66,65
68,67,65,64
68,67,64,63
68,67,63,62
68,67,62,61
68,67,61,60
68,67,60,59
68,67,59,58
68,67,58,57
68,67,57,56
67,66,65,64
67,66,64,63
67,66,63,62
67,66,62,61
67,66,61,60
67,66,60,59
67,66,59,58
67,66,58,57
67,66,57,56
67,66,56,55
66,65,64,63
66,65,63,62
66,65,62,61
66,65,61,60
66,65,60,59
66,65,59,58
66,65,58,57
66,65,57,56
66,65,56,55
66,65,55,54
65,64,63,62
65,64,62,61
65,64,61,60
65,64,60,59
65,64,59,58
65,64,58,57
65,64,57,56
65,64,56,55
65,64,55,54
65,64,54,53
64,63,62,61
64,63,61,60
64,63,60,59
64,63,59,58
64,63,58,57
64,63,57,56
64,63,56,55
64,63,55,54
64,63,54,53
64,63,53,52
63,62,61,60
63,62,60,59
63,62,59,58
63,62,58,57
63,62,57,56
63,62,56,55
63,62,55,54
63,62,54,53
63,62,53,52
63,62,52,51
62,61,60,59
62,61,59,58
62,61,58,57
62,61,57,56
62,61,56,55
62,61,55,54
62,61,54,53
62,61,53,52
62,61,52,51
62,61,51,50
61,60,59,58
61,60,58,57
61,60,57,56
61,60,56,55
61,60,55,54
61,60,54,53
61,60,53,52
61,60,52,51
61,60,51,50
61,60,50,49
60,59,58,57
60,59,57,56
60,59,56,55
60,59,55,54
60,59,54,53
60,59,53,52
60,59,52,51
60,59,51,50
60,59,50,49
60,59,49,48
59,58,57,56
59,58,56,55
59,58,55,54
59,58,54,53
59,58,53,52
59,58,52,51
59,58,51,50
59,58,50,49
59,58,49,48
59,58,48,47
58,57,56,55
58,57,55,54
58,57,54,53
58,57,53,52
58,57,52,51
58,57,51,50
58,57,50,49
58,57,49,48
58,57,48,47
58,57,47,46
57,56,55,54
57,56,54,53
57,56,53,52
57,56,52,51
57,56,51,50
57,56,50,49
57,56,49,48
57,56,48,47
57,56,47,46
57,56,46,45
56,55,54,53
56,55,53,52
56,55,52,51
56,55,51,50
56,55,50,49
56,55,49,48
56,55,48,47
56,55,47,46
56,55,46,45
56,55,45,44
55,54,53,52
55,54,52,51
55,54,51,50
55,54,50,49
55,54,49,48
55,54,48,47
55,54,47,46
55,54,46,45
55,54,45,44
55,54,44,43
54,53,52,51
54,53,51,50
54,53,50,49
54,53,49,48
54,53,48,47
54,53,47,46
54,53,46,45
54,53,45,44
54,53,44,43
54,53,43,42
53,52,51,50
53,52,50,49
53,52,49,48
53,52,48,47
53,52,47,46
53,52,46,45
53,52,45,44
53,52,44,43
53,52,43,42
53,52,42,41
52,51,50,49
52,51,49,48
52,51,48,47
52,51,47,46
52,51,46,45
52,51,45,44
52,51,44,43
52,51,43,42
52,51,42,41
52,51,41,40
51,50,49,48
51,50,48,47
51,50,47,46
51,50,46,45
51,50,45,44
51,50,44,43
51,50,43,42
51,50,42,41
51,50,41,40
51,50,40,39
50,49,48,47
50,49,47,46
50,49,46,45
50,49,45,44
50,49,44,43
50,49,43,42
50,49,42,41
50,49,41,40
50,49,40,39
50,49,39,38
49,48,47,46
49,48,46,45
49,48,45,44
49,48,44,43
49,48,43,42
49,48,42,41
49,48,41,40
49,48,40,39
49,48,39,38
49,48,38,37
72,70,68,66
72,70,66,64
72,70,64,62
72,70,62,60
72,70,60,58
72,70,58,56
72,70,56,54
72,70,54,52
72,70,52,50
72,70,50,48
71,69,67,65
71,69,65,63
71,69,63,61
71,69,61,59
71,69,59,57
71,69,57,55
71,69,55,53
71,69,53,51
71,69,51,49
71,69,49,47
70,68,66,64
70,68,64,62
70,68,62,60
70,68,60,58
70,68,58,56
70,68,56,54
70,68,54,52
70,68,52,50
70,68,50,48
70,68,48,46
69,67,65,63
69,67,63,61
69,67,61,59
69,67,59,57
69,67,57,55
69,67,55,53
69,67,53,51
69,67,51,49
69,67,49,47
69,67,47,45
68,66,64,62
68,66,62,60
68,66,60,58
68,66,58,56
68,66,56,54
68,66,54,52
68,66,52,50
68,66,50,48
68,66,48,46
68,66,46,44
67,65,63,61
67,65,61,59
67,65,59,57
67,65,57,55
67,65,55,53
67,65,53,51
67,65,51,49
67,65,49,47
67,65,47,45
67,65,45,43
66,64,62,60
66,64,60,58
66,64,58,56
66,64,56,54
66,64,54,52
66,64,52,50
66,64,50,48
66,64,48,46
66,64,46,44
66,64,44,42
65,63,61,59
65,63,59,57
65,63,57,55
65,63,55,53
65,63,53,51
65,63,51,49
65,63,49,47
65,63,47,45
65,63,45,43
65,63,43,41
64,62,60,58
64,62,58,56
64,62,56,54
64,62,54,52
64,62,52,50
64,62,50,48
64,62,48,46
64,62,46,44
64,62,44,42
64,62,42,40
63,61,59,57
63,61,57,55
63,61,55,53
63,61,53,51
63,61,51,49
63,61,49,47
63,61,47,45
63,61,45,43
63,61,43,41
63,61,41,39
62,60,58,56
62,60,56,54
62,60,54,52
62,60,52,50
62,60,50,48
62,60,48,46
62,60,46,44
62,60,44,42
62,60,42,40
62,60,40,38
61,59,57,55
61,59,55,53
61,59,53,51
61,59,51,49
61,59,49,47
61,59,47,45
61,59,45,43
61,59,43,41
61,59,41,39
61,59,39,37
60,58,56,54
60,58,54,52
60,58,52,50
60,58,50,48
60,58,48,46
60,58,46,44
60,58,44,42
60,58,42,40
60,58,40,38
60,58,38,36
59,57,55,53
59,57,53,51
59,57,51,49
59,57,49,47
59,57,47,45
59,57,45,43
59,57,43,41
59,57,41,39
59,57,39,37
59,57,37,35
58,56,54,52
58,56,52,50
58,56,50,48
58,56,48,46
58,56,46,44
58,56,44,42
58,56,42,40
58,56,40,38
58,56,38,36
58,56,36,34
57,55,53,51
57,55,51,49
57,55,49,47
57,55,47,45
57,55,45,43
57,55,43,41
57,55,41,39
57,55,39,37
57,55,37,35
57,55,35,33
56,54,52,50
56,54,50,48
56,54,48,46
56,54,46,44
56,54,44,42
56,54,42,40
56,54,40,38
56,54,38,36
56,54,36,34
56,54,34,32
55,53,51,49
55,53,49,47
55,53,47,45
55,53,45,43
55,53,43,41
55,53,41,39
55,53,39,37
55,53,37,35
55,53,35,33
55,53,33,31
54,52,50,48
54,52,48,46
54,52,46,44
54,52,44,42
54,52,42,40
54,52,40,38
54,52,38,36
54,52,36,34
54,52,34,32
54,52,32,30
53,51,49,47
53,51,47,45
53,51,45,43
53,51,43,41
53,51,41,39
53,51,39,37
53,51,37,35
53,51,35,33
53,51,33,31
53,51,31,29
52,50,48,46
52,50,46,44
52,50,44,42
52,50,42,40
52,50,40,38
52,50,38,36
52,50,36,34
52,50,34,32
52,50,32,30
52,50,30,28
51,49,47,45
51,49,45,43
51,49,43,41
51,49,41,39
51,49,39,37
51,49,37,35
51,49,35,33
51,49,33,31
51,49,31,29
51,49,29,27
50,48,46,44
50,48,44,42
50,48,42,40
50,48,40,38
50,48,38,36
50,48,36,34
50,48,34,32
50,48,32,30
50,48,30,28
50,48,28,26
49,47,45,43
49,47,43,41
49,47,41,39
49,47,39,37
49,47,37,35
49,47,35,33
49,47,33,31
49,47,31,29
49,47,29,27
49,47,27,25
72,69,66,63
72,69,63,60
72,69,60,57
72,69,57,54
72,69,54,51
72,69,51,48
72,69,48,45
72,69,45,42
72,69,42,39
72,69,39,36
71,68,65,62
71,68,62,59
71,68,59,56
71,68,56,53
71,68,53,50
71,68,50,47
71,68,47,44
71,68,44,41
71,68,41,38
71,68,38,35
70,67,64,61
70,67,61,58
70,67,58,55
70,67,55,52
70,67,52,49
70,67,49,46
70,67,46,43
70,67,43,40
70,67,40,37
70,67,37,34
69,66,63,60
69,66,60,57
69,66,57,54
69,66,54,51
69,66,51,48
69,66,48,45
69,66,45,42
69,66,42,39
69,66,39,36
69,66,36,33
68,65,62,59
68,65,59,56
68,65,56,53
68,65,53,50
68,65,50,47
68,65,47,44
68,65,44,41
68,65,41,38
68,65,38,35
68,65,35,32
67,64,61,58
67,64,58,55
67,64,55,52
67,64,52,49
67,64,49,46
67,64,46,43
67,64,43,40
67,64,40,37
67,64,37,34
67,64,34,31
66,63,60,57
66,63,57,54
66,63,54,51
66,63,51,48
66,63,48,45
66,63,45,42
66,63,42,39
66,63,39,36
66,63,36,33
66,63,33,30
65,62,59,56
65,62,56,53
65,62,53,50
65,62,50,47
65,62,47,44
65,62,44,41
65,62,41,38
65,62,38,35
65,62,35,32
65,62,32,29
64,61,58,55
64,61,55,52
64,61,52,49
64,61,49,46
64,61,46,43
64,61,43,40
64,61,40,37
64,61,37,34
64,61,34,31
64,61,31,28
63,60,57,54
63,60,54,51
63,60,51,48
63,60,48,45
63,60,45,42
63,60,42,39
63,60,39,36
63,60,36,33
63,60,33,30
63,60,30,27
62,59,56,53
62,59,53,50
62,59,50,47
62,59,47,44
62,59,44,41
62,59,41,38
62,59,38,35
62,59,35,32
62,59,32,29
62,59,29,26
61,58,55,52
61,58,52,49
61,58,49,46
61,58,46,43
61,58,43,40
61,58,40,37
61,58,37,34
61,58,34,31
61,58,31,28
61,58,28,25
60,57,54,51
60,57,51,48
60,57,48,45
60,57,45,42
60,57,42,39
60,57,39,36
60,57,36,33
60,57,33,30
60,57,30,27
60,57,27,24
59,56,53,50
59,56,50,47
59,56,47,44
59,56,44,41
59,56,41,38
59,56,38,35
59,56,35,32
59,56,32,29
59,56,29,26
59,56,26,23
58,55,52,49
58,55,49,46
58,55,46,43
58,55,43,40
58,55,40,37
58,55,37,34
58,55,34,31
58,55,31,28
58,55,28,25
58,55,25,22
57,54,51,48
57,54,48,45
57,54,45,42
57,54,42,39
57,54,39,36
57,54,36,33
57,54,33,30
57,54,30,27
57,54,27,24
57,54,24,21
56,53,50,47
56,53,47,44
56,53,44,41
56,53,41,38
56,53,38,35
56,53,35,32
56,53,32,29
56,53,29,26
56,53,26,23
56,53,23,20
55,52,49,46
55,52,46,43
55,52,43,40
55,52,40,37
55,52,37,34
55,52,34,31
55,52,31,28
55,52,28,25
55,52,25,22
55,52,22,19
54,51,48,45
54,51,45,42
54,51,42,39
54,51,39,36
54,51,36,33
54,51,33,30
54,51,30,27
54,51,27,24
54,51,24,21
54,51,21,18
53,50,47,44
53,50,44,41
53,50,41,38
53,50,38,35
53,50,35,32
53,50,32,29
53,50,29,26
53,50,26,23
53,50,23,20
53,50,20,17
52,49,46,43
52,49,43,40
52,49,40,37
52,49,37,34
52,49,34,31
52,49,31,28
52,49,28,25
52,49,25,22
52,49,22,19
52,49,19,16
51,48,45,42
51,48,42,39
51,48,39,36
51,48,36,33
51,48,33,30
51,48,30,27
51,48,27,24
51,48,24,21
51,48,21,18
51,48,18,15
50,47,44,41
50,47,41,38
50,47,38,35
50,47,35,32
50,47,32,29
50,47,29,26
50,47,26,23
50,47,23,20
50,47,20,17
50,47,17,14
49,46,43,40
49,46,40,37
49,46,37,34
49,46,34,31
49,46,31,28
49,46,28,25
49,46,25,22
49,46,22,19
49,46,19,16
49,46,16,13
72,68,64,60
72,68,60,56
72,68,56,52
72,68,52,48
72,68,48,44
72,68,44,40
72,68,40,36
72,68,36,32
72,68,32,28
72,68,28,24
71,67,63,59
71,67,59,55
71,67,55,51
71,67,51,47
71,67,47,43
71,67,43,39
71,67,39,35
71,67,35,31
71,67,31,27
71,67,27,23
70,66,62,58
70,66,58,54
70,66,54,50
70,66,50,46
70,66,46,42
70,66,42,38
70,66,38,34
70,66,34,30
70,66,30,26
70,66,26,22
69,65,61,57
69,65,57,53
69,65,53,49
69,65,49,45
69,65,45,41
69,65,41,37
69,65,37,33
69,65,33,29
69,65,29,25
69,65,25,21
68,64,60,56
68,64,56,52
68,64,52,48
68,64,48,44
68,64,44,40
68,64,40,36
68,64,36,32
68,64,32,28
68,64,28,24
68,64,24,20
67,63,59,55
67,63,55,51
67,63,51,47
67,63,47,43
67,63,43,39
67,63,39,35
67,63,35,31
67,63,31,27
67,63,27,23
67,63,23,19
66,62,58,54
66,62,54,50
66,62,50,46
66,62,46,42
66,62,42,38
66,62,38,34
66,62,34,30
66,62,30,26
66,62,26,22
66,62,22,18
65,61,57,53
65,61,53,49
65,61,49,45
65,61,45,41
65,61,41,37
65,61,37,33
65,61,33,29
65,61,29,25
65,61,25,21
65,61,21,17
64,60,56,52
64,60,52,48
64,60,48,44
64,60,44,40
64,60,40,36
64,60,36,32
64,60,32,28
64,60,28,24
64,60,24,20
64,60,20,16
63,59,55,51
63,59,51,47
63,59,47,43
63,59,43,39
63,59,39,35
63,59,35,31
63,59,31,27
63,59,27,23
63,59,23,19
63,59,19,15
62,58,54,50
62,58,50,46
62,58,46,42
62,58,42,38
62,58,38,34
62,58,34,30
62,58,30,26
62,58,26,22
62,58,22,18
62,58,18,14
61,57,53,49
61,57,49,45
61,57,45,41
61,57,41,37
61,57,37,33
61,57,33,29
61,57,29,25
61,57,25,21
61,57,21,17
61,57,17,13
60,56,52,48
60,56,48,44
60,56,44,40
60,56,40,36
60,56,36,32
60,56,32,28
60,56,28,24
60,56,24,20
60,56,20,16
60,56,16,12
59,55,51,47
59,55,47,43
59,55,43,39
59,55,39,35
59,55,35,31
59,55,31,27
59,55,27,23
59,55,23,19
59,55,19,15
59,55,15,11
58,54,50,46
58,54,46,42
58,54,42,38
58,54,38,34
58,54,34,30
58,54,30,26
58,54,26,22
58,54,22,18
58,54,18,14
58,54,14,10
57,53,49,45
57,53,45,41
57,53,41,37
57,53,37,33
57,53,33,29
57,53,29,25
57,53,25,21
57,53,21,17
57,53,17,13
57,53,13,9
56,52,48,44
56,52,44,40
56,52,40,36
56,52,36,32
56,52,32,28
56,52,28,24
56,52,24,20
56,52,20,16
56,52,16,12
56,52,12,8
55,51,47,43
55,51,43,39
55,51,39,35
55,51,35,31
55,51,31,27
55,51,27,23
55,51,23,19
55,51,19,15
55,51,15,11
55,51,11,7
54,50,46,42
54,50,42,38
54,50,38,34
54,50,34,30
54,50,30,26
54,50,26,22
54,50,22,18
54,50,18,14
54,50,14,10
54,50,10,6
53,49,45,41
53,49,41,37
53,49,37,33
53,49,33,29
53,49,29,25
53,49,25,21
53,49,21,17
53,49,17,13
53,49,13,9
53,49,9,5
52,48,44,40
52,48,40,36
52,48,36,32
52,48,32,28
52,48,28,24
52,48,24,20
52,48,20,16
52,48,16,12
52,48,12,8
52,48,8,4
51,47,43,39
51,47,39,35
51,47,35,31
51,47,31,27
51,47,27,23
51,47,23,19
51,47,19,15
51,47,15,11
51,47,11,7
51,47,7,3
50,46,42,38
50,46,38,34
50,46,34,30
50,46,30,26
50,46,26,22
50,46,22,18
50,46,18,14
50,46,14,10
50,46,10,6
50,46,6,2
49,45,41,37
49,45,37,33
49,45,33,29
49,45,29,25
49,45,25,21
49,45,21,17
49,45,17,13
49,45,13,9
49,45,9,5
49,45,5,1
72,67,62,57
72,67,57,52
72,67,52,47
72,67,47,42
72,67,42,37
72,67,37,32
72,67,32,27
72,67,27,22
72,67,22,17
72,67,17,12
71,66,61,56
71,66,56,51
71,66,51,46
71,66,46,41
71,66,41,36
71,66,36,31
71,66,31,26
71,66,26,21
71,66,21,16
71,66,16,11
70,65,60,55
70,65,55,50
70,65,50,45
70,65,45,40
70,65,40,35
70,65,35,30
70,65,30,25
70,65,25,20
70,65,20,15
70,65,15,10
69,64,59,54
69,64,54,49
69,64,49,44
69,64,44,39
69,64,39,34
69,64,34,29
69,64,29,24
69,64,24,19
69,64,19,14
69,64,14,9
68,63,58,53
68,63,53,48
68,63,48,43
68,63,43,38
68,63,38,33
68,63,33,28
68,63,28,23
68,63,23,18
68,63,18,13
68,63,13,8
67,62,57,52
67,62,52,47
67,62,47,42
67,62,42,37
67,62,37,32
67,62,32,27
67,62,27,22
67,62,22,17
67,62,17,12
67,62,12,7
66,61,56,51
66,61,51,46
66,61,46,41
66,61,41,36
66,61,36,31
66,61,31,26
66,61,26,21
66,61,21,16
66,61,16,11
66,61,11,6
65,60,55,50
65,60,50,45
65,60,45,40
65,60,40,35
65,60,35,30
65,60,30,25
65,60,25,20
65,60,20,15
65,60,15,10
65,60,10,5
64,59,54,49
64,59,49,44
64,59,44,39
64,59,39,34
64,59,34,29
64,59,29,24
64,59,24,19
64,59,19,14
64,59,14,9
64,59,9,4
63,58,53,48
63,58,48,43
63,58,43,38
63,58,38,33
63,58,33,28
63,58,28,23
63,58,23,18
63,58,18,13
63,58,13,8
63,58,8,3
62,57,52,47
62,57,47,42
62,57,42,37
62,57,37,32
62,57,32,27
62,57,27,22
62,57,22,17
62,57,17,12
62,57,12,7
62,57,7,2
61,56,51,46
61,56,46,41
61,56,41,36
61,56,36,31
61,56,31,26
61,56,26,21
61,56,21,16
61,56,16,11
61,56,11,6
61,56,6,1
60,55,50,45
60,55,45,40
60,55,40,35
60,55,35,30
60,55,30,25
60,55,25,20
60,55,20,15
60,55,15,10
60,55,10,5
59,54,49,44
59,54,44,39
59,54,39,34
59,54,34,29
59,54,29,24
59,54,24,19
59,54,19,14
59,54,14,9
59,54,9,4
58,53,48,43
58,53,43,38
58,53,38,33
58,53,33,28
58,53,28,23
58,53,23,18
58,53,18,13
58,53,13,8
58,53,8,3
57,52,47,42
57,52,42,37
57,52,37,32
57,52,32,27
57,52,27,22
57,52,22,17
57,52,17,12
57,52,12,7
57,52,7,2
56,51,46,41
56,51,41,36
56,51,36,31
56,51,31,26
56,51,26,21
56,51,21,16
56,51,16,11
56,51,11,6
56,51,6,1
55,50,45,40
55,50,40,35
55,50,35,30
55,50,30,25
55,50,25,20
55,50,20,15
55,50,15,10
55,50,10,5
54,49,44,39
54,49,39,34
54,49,34,29
54,49,29,24
54,49,24,19
54,49,19,14
54,49,14,9
54,49,9,4
53,48,43,38
53,48,38,33
53,48,33,28
53,48,28,23
53,48,23,18
53,48,18,13
53,48,13,8
53,48,8,3
52,47,42,37
52,47,37,32
52,47,32,27
52,47,27,22
52,47,22,17
52,47,17,12
52,47,12,7
52,47,7,2
51,46,41,36
51,46,36,31
51,46,31,26
51,46,26,21
51,46,21,16
51,46,16,11
51,46,11,6
51,46,6,1
50,45,40,35
50,45,35,30
50,45,30,25
50,45,25,20
50,45,20,15
50,45,15,10
50,45,10,5
49,44,39,34
49,44,34,29
49,44,29,24
49,44,24,19
49,44,19,14
49,44,14,9
49,44,9,4
72,66,60,54
72,66,54,48
72,66,48,42
72,66,42,36
72,66,36,30
72,66,30,24
72,66,24,18
72,66,18,12
72,66,12,6
71,65,59,53
71,65,53,47
71,65,47,41
71,65,41,35
71,65,35,29
71,65,29,23
71,65,23,17
71,65,17,11
71,65,11,5
70,64,58,52
70,64,52,46
70,64,46,40
70,64,40,34
70,64,34,28
70,64,28,22
70,64,22,16
70,64,16,10
70,64,10,4
69,63,57,51
69,63,51,45
69,63,45,39
69,63,39,33
69,63,33,27
69,63,27,21
69,63,21,15
69,63,15,9
69,63,9,3
68,62,56,50
68,62,50,44
68,62,44,38
68,62,38,32
68,62,32,26
68,62,26,20
68,62,20,14
68,62,14,8
68,62,8,2
67,61,55,49
67,61,49,43
67,61,43,37
67,61,37,31
67,61,31,25
67,61,25,19
67,61,19,13
67,61,13,7
67,61,7,1
66,60,54,48
66,60,48,42
66,60,42,36
66,60,36,30
66,60,30,24
66,60,24,18
66,60,18,12
66,60,12,6
65,59,53,47
65,59,47,41
65,59,41,35
65,59,35,29
65,59,29,23
65,59,23,17
65,59,17,11
65,59,11,5
64,58,52,46
64,58,46,40
64,58,40,34
64,58,34,28
64,58,28,22
64,58,22,16
64,58,16,10
64,58,10,4
63,57,51,45
63,57,45,39
63,57,39,33
63,57,33,27
63,57,27,21
63,57,21,15
63,57,15,9
63,57,9,3
62,56,50,44
62,56,44,38
62,56,38,32
62,56,32,26
62,56,26,20
62,56,20,14
62,56,14,8
62,56,8,2
61,55,49,43
61,55,43,37
61,55,37,31
61,55,31,25
61,55,25,19
61,55,19,13
61,55,13,7
61,55,7,1
60,54,48,42
60,54,42,36
60,54,36,30
60,54,30,24
60,54,24,18
60,54,18,12
60,54,12,6
59,53,47,41
59,53,41,35
59,53,35,29
59,53,29,23
59,53,23,17
59,53,17,11
59,53,11,5
58,52,46,40
58,52,40,34
58,52,34,28
58,52,28,22
58,52,22,16
58,52,16,10
58,52,10,4
57,51,45,39
57,51,39,33
57,51,33,27
57,51,27,21
57,51,21,15
57,51,15,9
57,51,9,3
56,50,44,38
56,50,38,32
56,50,32,26
56,50,26,20
56,50,20,14
56,50,14,8
56,50,8,2
55,49,43,37
55,49,37,31
55,49,31,25
55,49,25,19
55,49,19,13
55,49,13,7
55,49,7,1
72,65,58,51
72,65,51,44
72,65,44,37
72,65,37,30
72,65,30,23
72,65,23,16
72,65,16,9
72,65,9,2
71,64,57,50
71,64,50,43
71,64,43,36
71,64,36,29
71,64,29,22
71,64,22,15
71,64,15,8
71,64,8,1
70,63,56,49
70,63,49,42
70,63,42,35
70,63,35,28
70,63,28,21
70,63,21,14
70,63,14,7
69,62,55,48
69,62,48,41
69,62,41,34
69,62,34,27
69,62,27,20
69,62,20,13
69,62,13,6
68,61,54,47
68,61,47,40
68,61,40,33
68,61,33,26
68,61,26,19
68,61,19,12
68,61,12,5
67,60,53,46
67,60,46,39
67,60,39,32
67,60,32,25
67,60,25,18
67,60,18,11
67,60,11,4
66,59,52,45
66,59,45,38
66,59,38,31
66,59,31,24
66,59,24,17
66,59,17,10
66,59,10,3
65,58,51,44
65,58,44,37
65,58,37,30
65,58,30,23
65,58,23,16
65,58,16,9
65,58,9,2
64,57,50,43
64,57,43,36
64,57,36,29
64,57,29,22
64,57,22,15
64,57,15,8
64,57,8,1
