A,B,M,N
46,49,47,48
47,50,48,49
48,51,49,50
49,52,50,51
50,53,51,52
51,54,52,53
52,55,53,54
53,56,54,55
54,57,55,56
55,58,56,57
56,59,57,58
57,60,58,59
58,61,59,60
59,62,60,61
60,63,61,62
61,64,62,63
62,65,63,64
63,66,64,65
64,67,65,66
65,68,66,67
66,69,67,68
67,70,68,69
68,71,69,70
69,72,70,71
45,49,46,48
46,50,47,49
47,51,48,50
48,52,49,51
49,53,50,52
50,54,51,53
51,55,52,54
52,56,53,55
53,57,54,56
54,58,55,57
55,59,56,58
56,60,57,59
57,61,58,60
58,62,59,61
59,63,60,62
60,64,61,63
61,65,62,64
62,66,63,65
63,67,64,66
64,68,65,67
65,69,66,68
66,70,67,69
67,71,68,70
68,72,69,71
43,49,44,48
43,49,48,45
43,49,45,47
44,50,45,49
44,50,49,46
44,50,46,48
45,51,46,50
45,51,50,47
45,51,47,49
46,52,47,51
46,52,51,48
46,52,48,50
47,53,48,52
47,53,52,49
47,53,49,51
48,54,49,53
48,54,53,50
48,54,50,52
49,55,50,54
49,55,54,51
49,55,51,53
50,56,51,55
50,56,55,52
50,56,52,54
51,57,52,56
51,57,56,53
51,57,53,55
52,58,53,57
52,58,57,54
52,58,54,56
53,59,54,58
53,59,58,55
53,59,55,57
54,60,55,59
54,60,59,56
54,60,56,58
55,61,56,60
55,61,60,57
55,61,57,59
56,62,57,61
56,62,61,58
56,62,58,60
57,63,58,62
57,63,62,59
57,63,59,61
58,64,59,63
58,64,63,60
58,64,60,62
59,65,60,64
59,65,64,61
59,65,61,63
60,66,61,65
60,66,65,62
60,66,62,64
61,67,62,66
61,67,66,63
61,67,63,65
62,68,63,67
62,68,67,64
62,68,64,66
63,69,64,68
63,69,68,65
63,69,65,67
64,70,65,69
64,70,69,66
64,70,66,68
65,71,66,70
65,71,70,67
65,71,67,69
66,72,67,71
66,72,71,68
66,72,68,70
40,49,41,48
40,49,48,42
40,49,42,47
40,49,47,43
40,49,43,46
40,49,46,44
40,49,44,45
41,50,42,49
41,50,49,43
41,50,43,48
41,50,48,44
41,50,44,47
41,50,47,45
41,50,45,46
42,51,43,50
42,51,50,44
42,51,44,49
42,51,49,45
42,51,45,48
42,51,48,46
42,51,46,47
43,52,44,51
43,52,51,45
43,52,45,50
43,52,50,46
43,52,46,49
43,52,49,47
43,52,47,48
44,53,45,52
44,53,52,46
44,53,46,51
44,53,51,47
44,53,47,50
44,53,50,48
44,53,48,49
45,54,46,53
45,54,53,47
45,54,47,52
45,54,52,48
45,54,48,51
45,54,51,49
45,54,49,50
46,55,47,54
46,55,54,48
46,55,48,53
46,55,53,49
46,55,49,52
46,55,52,50
46,55,50,51
47,56,48,55
47,56,55,49
47,56,49,54
47,56,54,50
47,56,50,53
47,56,53,51
47,56,51,52
48,57,49,56
48,57,56,50
48,57,50,55
48,57,55,51
48,57,51,54
48,57,54,52
48,57,52,53
49,58,50,57
49,58,57,51
49,58,51,56
49,58,56,52
49,58,52,55
49,58,55,53
49,58,53,54
50,59,51,58
50,59,58,52
50,59,52,57
50,59,57,53
50,59,53,56
50,59,56,54
50,59,54,55
51,60,52,59
51,60,59,53
51,60,53,58
51,60,58,54
51,60,54,57
51,60,57,55
51,60,55,56
52,61,53,60
52,61,60,54
52,61,54,59
52,61,59,55
52,61,55,58
52,61,58,56
52,61,56,57
53,62,54,61
53,62,61,55
53,62,55,60
53,62,60,56
53,62,56,59
53,62,59,57
53,62,57,58
54,63,55,62
54,63,62,56
54,63,56,61
54,63,61,57
54,63,57,60
54,63,60,58
54,63,58,59
55,64,56,63
55,64,63,57
55,64,57,62
55,64,62,58
55,64,58,61
55,64,61,59
55,64,59,60
56,65,57,64
56,65,64,58
56,65,58,63
56,65,63,59
56,65,59,62
56,65,62,60
56,65,60,61
57,66,58,65
57,66,65,59
57,66,59,64
57,66,64,60
57,66,60,63
57,66,63,61
57,66,61,62
58,67,59,66
58,67,66,60
58,67,60,65
58,67,65,61
58,67,61,64
58,67,64,62
58,67,62,63
59,68,60,67
59,68,67,61
59,68,61,66
59,68,66,62
59,68,62,65
59,68,65,63
59,68,63,64
60,69,61,68
60,69,68,62
60,69,62,67
60,69,67,63
60,69,63,66
60,69,66,64
60,69,64,65
61,70,62,69
61,70,69,63
61,70,63,68
61,70,68,64
61,70,64,67
61,70,67,65
61,70,65,66
62,71,63,70
62,71,70,64
62,71,64,69
62,71,69,65
62,71,65,68
62,71,68,66
62,71,66,67
63,72,64,71
63,72,71,65
63,72,65,70
63,72,70,66
63,72,66,69
63,72,69,67
63,72,67,68
37,49,38,48
37,49,48,39
37,49,39,47
37,49,47,40
37,49,40,46
37,49,46,41
37,49,41,45
37,49,45,42
37,49,42,44
38,50,39,49
38,50,49,40
38,50,40,48
38,50,48,41
38,50,41,47
38,50,47,42
38,50,42,46
38,50,46,43
38,50,43,45
39,51,40,50
39,51,50,41
39,51,41,49
39,51,49,42
39,51,42,48
39,51,48,43
39,51,43,47
39,51,47,44
39,51,44,46
40,52,41,51
40,52,51,42
40,52,42,50
40,52,50,43
40,52,43,49
40,52,49,44
40,52,44,48
40,52,48,45
40,52,45,47
41,53,42,52
41,53,52,43
41,53,43,51
41,53,51,44
41,53,44,50
41,53,50,45
41,53,45,49
41,53,49,46
41,53,46,48
42,54,43,53
42,54,53,44
42,54,44,52
42,54,52,45
42,54,45,51
42,54,51,46
42,54,46,50
42,54,50,47
42,54,47,49
43,55,44,54
43,55,54,45
43,55,45,53
43,55,53,46
43,55,46,52
43,55,52,47
43,55,47,51
43,55,51,48
43,55,48,50
44,56,45,55
44,56,55,46
44,56,46,54
44,56,54,47
44,56,47,53
44,56,53,48
44,56,48,52
44,56,52,49
44,56,49,51
45,57,46,56
45,57,56,47
45,57,47,55
45,57,55,48
45,57,48,54
45,57,54,49
45,57,49,53
45,57,53,50
45,57,50,52
46,58,47,57
46,58,57,48
46,58,48,56
46,58,56,49
46,58,49,55
46,58,55,50
46,58,50,54
46,58,54,51
46,58,51,53
47,59,48,58
47,59,58,49
47,59,49,57
47,59,57,50
47,59,50,56
47,59,56,51
47,59,51,55
47,59,55,52
47,59,52,54
48,60,49,59
48,60,59,50
48,60,50,58
48,60,58,51
48,60,51,57
48,60,57,52
48,60,52,56
48,60,56,53
48,60,53,55
49,61,50,60
49,61,60,51
49,61,51,59
49,61,59,52
49,61,52,58
49,61,58,53
49,61,53,57
49,61,57,54
49,61,54,56
50,62,51,61
50,62,61,52
50,62,52,60
50,62,60,53
50,62,53,59
50,62,59,54
50,62,54,58
50,62,58,55
50,62,55,57
51,63,52,62
51,63,62,53
51,63,53,61
51,63,61,54
51,63,54,60
51,63,60,55
51,63,55,59
51,63,59,56
51,63,56,58
52,64,53,63
52,64,63,54
52,64,54,62
52,64,62,55
52,64,55,61
52,64,61,56
52,64,56,60
52,64,60,57
52,64,57,59
53,65,54,64
53,65,64,55
53,65,55,63
53,65,63,56
53,65,56,62
53,65,62,57
53,65,57,61
53,65,61,58
53,65,58,60
54,66,55,65
54,66,65,56
54,66,56,64
54,66,64,57
54,66,57,63
54,66,63,58
54,66,58,62
54,66,62,59
54,66,59,61
55,67,56,66
55,67,66,57
55,67,57,65
55,67,65,58
55,67,58,64
55,67,64,59
55,67,59,63
55,67,63,60
55,67,60,62
56,68,57,67
56,68,67,58
56,68,58,66
56,68,66,59
56,68,59,65
56,68,65,60
56,68,60,64
56,68,64,61
56,68,61,63
57,69,58,68
57,69,68,59
57,69,59,67
57,69,67,60
57,69,60,66
57,69,66,61
57,69,61,65
57,69,65,62
57,69,62,64
58,70,59,69
58,70,69,60
58,70,60,68
58,70,68,61
58,70,61,67
58,70,67,62
58,70,62,66
58,70,66,63
58,70,63,65
59,71,60,70
59,71,70,61
59,71,61,69
59,71,69,62
59,71,62,68
59,71,68,63
59,71,63,67
59,71,67,64
59,71,64,66
60,72,61,71
60,72,71,62
60,72,62,70
60,72,70,63
60,72,63,69
60,72,69,64
60,72,64,68
60,72,68,65
60,72,65,67
34,49,35,48
34,49,48,36
34,49,36,47
34,49,47,37
34,49,37,46
34,49,46,38
34,49,38,45
34,49,45,39
34,49,39,44
35,50,36,49
35,50,49,37
35,50,37,48
35,50,48,38
35,50,38,47
35,50,47,39
35,50,39,46
35,50,46,40
35,50,40,45
36,51,37,50
36,51,50,38
36,51,38,49
36,51,49,39
36,51,39,48
36,51,48,40
36,51,40,47
36,51,47,41
36,51,41,46
37,52,38,51
37,52,51,39
37,52,39,50
37,52,50,40
37,52,40,49
37,52,49,41
37,52,41,48
37,52,48,42
37,52,42,47
38,53,39,52
38,53,52,40
38,53,40,51
38,53,51,41
38,53,41,50
38,53,50,42
38,53,42,49
38,53,49,43
38,53,43,48
39,54,40,53
39,54,53,41
39,54,41,52
39,54,52,42
39,54,42,51
39,54,51,43
39,54,43,50
39,54,50,44
39,54,44,49
40,55,41,54
40,55,54,42
40,55,42,53
40,55,53,43
40,55,43,52
40,55,52,44
40,55,44,51
40,55,51,45
40,55,45,50
41,56,42,55
41,56,55,43
41,56,43,54
41,56,54,44
41,56,44,53
41,56,53,45
41,56,45,52
41,56,52,46
41,56,46,51
42,57,43,56
42,57,56,44
42,57,44,55
42,57,55,45
42,57,45,54
42,57,54,46
42,57,46,53
42,57,53,47
42,57,47,52
43,58,44,57
43,58,57,45
43,58,45,56
43,58,56,46
43,58,46,55
43,58,55,47
43,58,47,54
43,58,54,48
43,58,48,53
44,59,45,58
44,59,58,46
44,59,46,57
44,59,57,47
44,59,47,56
44,59,56,48
44,59,48,55
44,59,55,49
44,59,49,54
45,60,46,59
45,60,59,47
45,60,47,58
45,60,58,48
45,60,48,57
45,60,57,49
45,60,49,56
45,60,56,50
45,60,50,55
46,61,47,60
46,61,60,48
46,61,48,59
46,61,59,49
46,61,49,58
46,61,58,50
46,61,50,57
46,61,57,51
46,61,51,56
47,62,48,61
47,62,61,49
47,62,49,60
47,62,60,50
47,62,50,59
47,62,59,51
47,62,51,58
47,62,58,52
47,62,52,57
48,63,49,62
48,63,62,50
48,63,50,61
48,63,61,51
48,63,51,60
48,63,60,52
48,63,52,59
48,63,59,53
48,63,53,58
49,64,50,63
49,64,63,51
49,64,51,62
49,64,62,52
49,64,52,61
49,64,61,53
49,64,53,60
49,64,60,54
49,64,54,59
50,65,51,64
50,65,64,52
50,65,52,63
50,65,63,53
50,65,53,62
50,65,62,54
50,65,54,61
50,65,61,55
50,65,55,60
51,66,52,65
51,66,65,53
51,66,53,64
51,66,64,54
51,66,54,63
51,66,63,55
51,66,55,62
51,66,62,56
51,66,56,61
52,67,53,66
52,67,66,54
52,67,54,65
52,67,65,55
52,67,55,64
52,67,64,56
52,67,56,63
52,67,63,57
52,67,57,62
53,68,54,67
53,68,67,55
53,68,55,66
53,68,66,56
53,68,56,65
53,68,65,57
53,68,57,64
53,68,64,58
53,68,58,63
54,69,55,68
54,69,68,56
54,69,56,67
54,69,67,57
54,69,57,66
54,69,66,58
54,69,58,65
54,69,65,59
54,69,59,64
55,70,56,69
55,70,69,57
55,70,57,68
55,70,68,58
55,70,58,67
55,70,67,59
55,70,59,66
55,70,66,60
55,70,60,65
56,71,57,70
56,71,70,58
56,71,58,69
56,71,69,59
56,71,59,68
56,71,68,60
56,71,60,67
56,71,67,61
56,71,61,66
57,72,58,71
57,72,71,59
57,72,59,70
57,72,70,60
57,72,60,69
57,72,69,61
57,72,61,68
57,72,68,62
57,72,62,67
31,49,32,48
31,49,48,33
31,49,33,47
31,49,47,34
31,49,34,46
31,49,46,35
31,49,35,45
31,49,45,36
31,49,36,44
32,50,33,49
32,50,49,34
32,50,34,48
32,50,48,35
32,50,35,47
32,50,47,36
32,50,36,46
32,50,46,37
32,50,37,45
33,51,34,50
33,51,50,35
33,51,35,49
33,51,49,36
33,51,36,48
33,51,48,37
33,51,37,47
33,51,47,38
33,51,38,46
34,52,35,51
34,52,51,36
34,52,36,50
34,52,50,37
34,52,37,49
34,52,49,38
34,52,38,48
34,52,48,39
34,52,39,47
35,53,36,52
35,53,52,37
35,53,37,51
35,53,51,38
35,53,38,50
35,53,50,39
35,53,39,49
35,53,49,40
35,53,40,48
36,54,37,53
36,54,53,38
36,54,38,52
36,54,52,39
36,54,39,51
36,54,51,40
36,54,40,50
36,54,50,41
36,54,41,49
37,55,38,54
37,55,54,39
37,55,39,53
37,55,53,40
37,55,40,52
37,55,52,41
37,55,41,51
37,55,51,42
37,55,42,50
38,56,39,55
38,56,55,40
38,56,40,54
38,56,54,41
38,56,41,53
38,56,53,42
38,56,42,52
38,56,52,43
38,56,43,51
39,57,40,56
39,57,56,41
39,57,41,55
39,57,55,42
39,57,42,54
39,57,54,43
39,57,43,53
39,57,53,44
39,57,44,52
40,58,41,57
40,58,57,42
40,58,42,56
40,58,56,43
40,58,43,55
40,58,55,44
40,58,44,54
40,58,54,45
40,58,45,53
41,59,42,58
41,59,58,43
41,59,43,57
41,59,57,44
41,59,44,56
41,59,56,45
41,59,45,55
41,59,55,46
41,59,46,54
42,60,43,59
42,60,59,44
42,60,44,58
42,60,58,45
42,60,45,57
42,60,57,46
42,60,46,56
42,60,56,47
42,60,47,55
43,61,44,60
43,61,60,45
43,61,45,59
43,61,59,46
43,61,46,58
43,61,58,47
43,61,47,57
43,61,57,48
43,61,48,56
44,62,45,61
44,62,61,46
44,62,46,60
44,62,60,47
44,62,47,59
44,62,59,48
44,62,48,58
44,62,58,49
44,62,49,57
45,63,46,62
45,63,62,47
45,63,47,61
45,63,61,48
45,63,48,60
45,63,60,49
45,63,49,59
45,63,59,50
45,63,50,58
46,64,47,63
46,64,63,48
46,64,48,62
46,64,62,49
46,64,49,61
46,64,61,50
46,64,50,60
46,64,60,51
46,64,51,59
47,65,48,64
47,65,64,49
47,65,49,63
47,65,63,50
47,65,50,62
47,65,62,51
47,65,51,61
47,65,61,52
47,65,52,60
48,66,49,65
48,66,65,50
48,66,50,64
48,66,64,51
48,66,51,63
48,66,63,52
48,66,52,62
48,66,62,53
48,66,53,61
49,67,50,66
49,67,66,51
49,67,51,65
49,67,65,52
49,67,52,64
49,67,64,53
49,67,53,63
49,67,63,54
49,67,54,62
50,68,51,67
50,68,67,52
50,68,52,66
50,68,66,53
50,68,53,65
50,68,65,54
50,68,54,64
50,68,64,55
50,68,55,63
51,69,52,68
51,69,68,53
51,69,53,67
51,69,67,54
51,69,54,66
51,69,66,55
51,69,55,65
51,69,65,56
51,69,56,64
52,70,53,69
52,70,69,54
52,70,54,68
52,70,68,55
52,70,55,67
52,70,67,56
52,70,56,66
52,70,66,57
52,70,57,65
53,71,54,70
53,71,70,55
53,71,55,69
53,71,69,56
53,71,56,68
53,71,68,57
53,71,57,67
53,71,67,58
53,71,58,66
54,72,55,71
54,72,71,56
54,72,56,70
54,72,70,57
54,72,57,69
54,72,69,58
54,72,58,68
54,72,68,59
54,72,59,67
27,49,29,47
27,49,47,31
27,49,31,45
27,49,45,33
27,49,33,43
27,49,43,35
27,49,35,41
27,49,41,37
27,49,37,39
28,50,30,48
28,50,48,32
28,50,32,46
28,50,46,34
28,50,34,44
28,50,44,36
28,50,36,42
28,50,42,38
28,50,38,40
29,51,31,49
29,51,49,33
29,51,33,47
29,51,47,35
29,51,35,45
29,51,45,37
29,51,37,43
29,51,43,39
29,51,39,41
30,52,32,50
30,52,50,34
30,52,34,48
30,52,48,36
30,52,36,46
30,52,46,38
30,52,38,44
30,52,44,40
30,52,40,42
31,53,33,51
31,53,51,35
31,53,35,49
31,53,49,37
31,53,37,47
31,53,47,39
31,53,39,45
31,53,45,41
31,53,41,43
32,54,34,52
32,54,52,36
32,54,36,50
32,54,50,38
32,54,38,48
32,54,48,40
32,54,40,46
32,54,46,42
32,54,42,44
33,55,35,53
33,55,53,37
33,55,37,51
33,55,51,39
33,55,39,49
33,55,49,41
33,55,41,47
33,55,47,43
33,55,43,45
34,56,36,54
34,56,54,38
34,56,38,52
34,56,52,40
34,56,40,50
34,56,50,42
34,56,42,48
34,56,48,44
34,56,44,46
35,57,37,55
35,57,55,39
35,57,39,53
35,57,53,41
35,57,41,51
35,57,51,43
35,57,43,49
35,57,49,45
35,57,45,47
36,58,38,56
36,58,56,40
36,58,40,54
36,58,54,42
36,58,42,52
36,58,52,44
36,58,44,50
36,58,50,46
36,58,46,48
37,59,39,57
37,59,57,41
37,59,41,55
37,59,55,43
37,59,43,53
37,59,53,45
37,59,45,51
37,59,51,47
37,59,47,49
38,60,40,58
38,60,58,42
38,60,42,56
38,60,56,44
38,60,44,54
38,60,54,46
38,60,46,52
38,60,52,48
38,60,48,50
39,61,41,59
39,61,59,43
39,61,43,57
39,61,57,45
39,61,45,55
39,61,55,47
39,61,47,53
39,61,53,49
39,61,49,51
40,62,42,60
40,62,60,44
40,62,44,58
40,62,58,46
40,62,46,56
40,62,56,48
40,62,48,54
40,62,54,50
40,62,50,52
41,63,43,61
41,63,61,45
41,63,45,59
41,63,59,47
41,63,47,57
41,63,57,49
41,63,49,55
41,63,55,51
41,63,51,53
42,64,44,62
42,64,62,46
42,64,46,60
42,64,60,48
42,64,48,58
42,64,58,50
42,64,50,56
42,64,56,52
42,64,52,54
43,65,45,63
43,65,63,47
43,65,47,61
43,65,61,49
43,65,49,59
43,65,59,51
43,65,51,57
43,65,57,53
43,65,53,55
44,66,46,64
44,66,64,48
44,66,48,62
44,66,62,50
44,66,50,60
44,66,60,52
44,66,52,58
44,66,58,54
44,66,54,56
45,67,47,65
45,67,65,49
45,67,49,63
45,67,63,51
45,67,51,61
45,67,61,53
45,67,53,59
45,67,59,55
45,67,55,57
46,68,48,66
46,68,66,50
46,68,50,64
46,68,64,52
46,68,52,62
46,68,62,54
46,68,54,60
46,68,60,56
46,68,56,58
47,69,49,67
47,69,67,51
47,69,51,65
47,69,65,53
47,69,53,63
47,69,63,55
47,69,55,61
47,69,61,57
47,69,57,59
48,70,50,68
48,70,68,52
48,70,52,66
48,70,66,54
48,70,54,64
48,70,64,56
48,70,56,62
48,70,62,58
48,70,58,60
49,71,51,69
49,71,69,53
49,71,53,67
49,71,67,55
49,71,55,65
49,71,65,57
49,71,57,63
49,71,63,59
49,71,59,61
50,72,52,70
50,72,70,54
50,72,54,68
50,72,68,56
50,72,56,66
50,72,66,58
50,72,58,64
50,72,64,60
50,72,60,62
23,49,25,47
23,49,47,27
23,49,27,45
23,49,45,29
23,49,29,43
23,49,43,31
23,49,31,41
23,49,41,33
23,49,33,39
24,50,26,48
24,50,48,28
24,50,28,46
24,50,46,30
24,50,30,44
24,50,44,32
24,50,32,42
24,50,42,34
24,50,34,40
25,51,27,49
25,51,49,29
25,51,29,47
25,51,47,31
25,51,31,45
25,51,45,33
25,51,33,43
25,51,43,35
25,51,35,41
26,52,28,50
26,52,50,30
26,52,30,48
26,52,48,32
26,52,32,46
26,52,46,34
26,52,34,44
26,52,44,36
26,52,36,42
27,53,29,51
27,53,51,31
27,53,31,49
27,53,49,33
27,53,33,47
27,53,47,35
27,53,35,45
27,53,45,37
27,53,37,43
28,54,30,52
28,54,52,32
28,54,32,50
28,54,50,34
28,54,34,48
28,54,48,36
28,54,36,46
28,54,46,38
28,54,38,44
29,55,31,53
29,55,53,33
29,55,33,51
29,55,51,35
29,55,35,49
29,55,49,37
29,55,37,47
29,55,47,39
29,55,39,45
30,56,32,54
30,56,54,34
30,56,34,52
30,56,52,36
30,56,36,50
30,56,50,38
30,56,38,48
30,56,48,40
30,56,40,46
31,57,33,55
31,57,55,35
31,57,35,53
31,57,53,37
31,57,37,51
31,57,51,39
31,57,39,49
31,57,49,41
31,57,41,47
32,58,34,56
32,58,56,36
32,58,36,54
32,58,54,38
32,58,38,52
32,58,52,40
32,58,40,50
32,58,50,42
32,58,42,48
33,59,35,57
33,59,57,37
33,59,37,55
33,59,55,39
33,59,39,53
33,59,53,41
33,59,41,51
33,59,51,43
33,59,43,49
34,60,36,58
34,60,58,38
34,60,38,56
34,60,56,40
34,60,40,54
34,60,54,42
34,60,42,52
34,60,52,44
34,60,44,50
35,61,37,59
35,61,59,39
35,61,39,57
35,61,57,41
35,61,41,55
35,61,55,43
35,61,43,53
35,61,53,45
35,61,45,51
36,62,38,60
36,62,60,40
36,62,40,58
36,62,58,42
36,62,42,56
36,62,56,44
36,62,44,54
36,62,54,46
36,62,46,52
37,63,39,61
37,63,61,41
37,63,41,59
37,63,59,43
37,63,43,57
37,63,57,45
37,63,45,55
37,63,55,47
37,63,47,53
38,64,40,62
38,64,62,42
38,64,42,60
38,64,60,44
38,64,44,58
38,64,58,46
38,64,46,56
38,64,56,48
38,64,48,54
39,65,41,63
39,65,63,43
39,65,43,61
39,65,61,45
39,65,45,59
39,65,59,47
39,65,47,57
39,65,57,49
39,65,49,55
40,66,42,64
40,66,64,44
40,66,44,62
40,66,62,46
40,66,46,60
40,66,60,48
40,66,48,58
40,66,58,50
40,66,50,56
41,67,43,65
41,67,65,45
41,67,45,63
41,67,63,47
41,67,47,61
41,67,61,49
41,67,49,59
41,67,59,51
41,67,51,57
42,68,44,66
42,68,66,46
42,68,46,64
42,68,64,48
42,68,48,62
42,68,62,50
42,68,50,60
42,68,60,52
42,68,52,58
43,69,45,67
43,69,67,47
43,69,47,65
43,69,65,49
43,69,49,63
43,69,63,51
43,69,51,61
43,69,61,53
43,69,53,59
44,70,46,68
44,70,68,48
44,70,48,66
44,70,66,50
44,70,50,64
44,70,64,52
44,70,52,62
44,70,62,54
44,70,54,60
45,71,47,69
45,71,69,49
45,71,49,67
45,71,67,51
45,71,51,65
45,71,65,53
45,71,53,63
45,71,63,55
45,71,55,61
46,72,48,70
46,72,70,50
46,72,50,68
46,72,68,52
46,72,52,66
46,72,66,54
46,72,54,64
46,72,64,56
46,72,56,62
19,49,21,47
19,49,47,23
19,49,23,45
19,49,45,25
19,49,25,43
19,49,43,27
19,49,27,41
19,49,41,29
19,49,29,39
20,50,22,48
20,50,48,24
20,50,24,46
20,50,46,26
20,50,26,44
20,50,44,28
20,50,28,42
20,50,42,30
20,50,30,40
21,51,23,49
21,51,49,25
21,51,25,47
21,51,47,27
21,51,27,45
21,51,45,29
21,51,29,43
21,51,43,31
21,51,31,41
22,52,24,50
22,52,50,26
22,52,26,48
22,52,48,28
22,52,28,46
22,52,46,30
22,52,30,44
22,52,44,32
22,52,32,42
23,53,25,51
23,53,51,27
23,53,27,49
23,53,49,29
23,53,29,47
23,53,47,31
23,53,31,45
23,53,45,33
23,53,33,43
24,54,26,52
24,54,52,28
24,54,28,50
24,54,50,30
24,54,30,48
24,54,48,32
24,54,32,46
24,54,46,34
24,54,34,44
25,55,27,53
25,55,53,29
25,55,29,51
25,55,51,31
25,55,31,49
25,55,49,33
25,55,33,47
25,55,47,35
25,55,35,45
26,56,28,54
26,56,54,30
26,56,30,52
26,56,52,32
26,56,32,50
26,56,50,34
26,56,34,48
26,56,48,36
26,56,36,46
27,57,29,55
27,57,55,31
27,57,31,53
27,57,53,33
27,57,33,51
27,57,51,35
27,57,35,49
27,57,49,37
27,57,37,47
28,58,30,56
28,58,56,32
28,58,32,54
28,58,54,34
28,58,34,52
28,58,52,36
28,58,36,50
28,58,50,38
28,58,38,48
29,59,31,57
29,59,57,33
29,59,33,55
29,59,55,35
29,59,35,53
29,59,53,37
29,59,37,51
29,59,51,39
29,59,39,49
30,60,32,58
30,60,58,34
30,60,34,56
30,60,56,36
30,60,36,54
30,60,54,38
30,60,38,52
30,60,52,40
30,60,40,50
31,61,33,59
31,61,59,35
31,61,35,57
31,61,57,37
31,61,37,55
31,61,55,39
31,61,39,53
31,61,53,41
31,61,41,51
32,62,34,60
32,62,60,36
32,62,36,58
32,62,58,38
32,62,38,56
32,62,56,40
32,62,40,54
32,62,54,42
32,62,42,52
33,63,35,61
33,63,61,37
33,63,37,59
33,63,59,39
33,63,39,57
33,63,57,41
33,63,41,55
33,63,55,43
33,63,43,53
34,64,36,62
34,64,62,38
34,64,38,60
34,64,60,40
34,64,40,58
34,64,58,42
34,64,42,56
34,64,56,44
34,64,44,54
35,65,37,63
35,65,63,39
35,65,39,61
35,65,61,41
35,65,41,59
35,65,59,43
35,65,43,57
35,65,57,45
35,65,45,55
36,66,38,64
36,66,64,40
36,66,40,62
36,66,62,42
36,66,42,60
36,66,60,44
36,66,44,58
36,66,58,46
36,66,46,56
37,67,39,65
37,67,65,41
37,67,41,63
37,67,63,43
37,67,43,61
37,67,61,45
37,67,45,59
37,67,59,47
37,67,47,57
38,68,40,66
38,68,66,42
38,68,42,64
38,68,64,44
38,68,44,62
38,68,62,46
38,68,46,60
38,68,60,48
38,68,48,58
39,69,41,67
39,69,67,43
39,69,43,65
39,69,65,45
39,69,45,63
39,69,63,47
39,69,47,61
39,69,61,49
39,69,49,59
40,70,42,68
40,70,68,44
40,70,44,66
40,70,66,46
40,70,46,64
40,70,64,48
40,70,48,62
40,70,62,50
40,70,50,60
41,71,43,69
41,71,69,45
41,71,45,67
41,71,67,47
41,71,47,65
41,71,65,49
41,71,49,63
41,71,63,51
41,71,51,61
42,72,44,70
42,72,70,46
42,72,46,68
42,72,68,48
42,72,48,66
42,72,66,50
42,72,50,64
42,72,64,52
42,72,52,62
16,49,18,47
16,49,47,20
16,49,20,45
16,49,45,22
16,49,22,43
16,49,43,24
16,49,24,41
16,49,41,26
16,49,26,39
17,50,19,48
17,50,48,21
17,50,21,46
17,50,46,23
17,50,23,44
17,50,44,25
17,50,25,42
17,50,42,27
17,50,27,40
18,51,20,49
18,51,49,22
18,51,22,47
18,51,47,24
18,51,24,45
18,51,45,26
18,51,26,43
18,51,43,28
18,51,28,41
19,52,21,50
19,52,50,23
19,52,23,48
19,52,48,25
19,52,25,46
19,52,46,27
19,52,27,44
19,52,44,29
19,52,29,42
20,53,22,51
20,53,51,24
20,53,24,49
20,53,49,26
20,53,26,47
20,53,47,28
20,53,28,45
20,53,45,30
20,53,30,43
21,54,23,52
21,54,52,25
21,54,25,50
21,54,50,27
21,54,27,48
21,54,48,29
21,54,29,46
21,54,46,31
21,54,31,44
22,55,24,53
22,55,53,26
22,55,26,51
22,55,51,28
22,55,28,49
22,55,49,30
22,55,30,47
22,55,47,32
22,55,32,45
23,56,25,54
23,56,54,27
23,56,27,52
23,56,52,29
23,56,29,50
23,56,50,31
23,56,31,48
23,56,48,33
23,56,33,46
24,57,26,55
24,57,55,28
24,57,28,53
24,57,53,30
24,57,30,51
24,57,51,32
24,57,32,49
24,57,49,34
24,57,34,47
25,58,27,56
25,58,56,29
25,58,29,54
25,58,54,31
25,58,31,52
25,58,52,33
25,58,33,50
25,58,50,35
25,58,35,48
26,59,28,57
26,59,57,30
26,59,30,55
26,59,55,32
26,59,32,53
26,59,53,34
26,59,34,51
26,59,51,36
26,59,36,49
27,60,29,58
27,60,58,31
27,60,31,56
27,60,56,33
27,60,33,54
27,60,54,35
27,60,35,52
27,60,52,37
27,60,37,50
28,61,30,59
28,61,59,32
28,61,32,57
28,61,57,34
28,61,34,55
28,61,55,36
28,61,36,53
28,61,53,38
28,61,38,51
29,62,31,60
29,62,60,33
29,62,33,58
29,62,58,35
29,62,35,56
29,62,56,37
29,62,37,54
29,62,54,39
29,62,39,52
30,63,32,61
30,63,61,34
30,63,34,59
30,63,59,36
30,63,36,57
30,63,57,38
30,63,38,55
30,63,55,40
30,63,40,53
31,64,33,62
31,64,62,35
31,64,35,60
31,64,60,37
31,64,37,58
31,64,58,39
31,64,39,56
31,64,56,41
31,64,41,54
32,65,34,63
32,65,63,36
32,65,36,61
32,65,61,38
32,65,38,59
32,65,59,40
32,65,40,57
32,65,57,42
32,65,42,55
33,66,35,64
33,66,64,37
33,66,37,62
33,66,62,39
33,66,39,60
33,66,60,41
33,66,41,58
33,66,58,43
33,66,43,56
34,67,36,65
34,67,65,38
34,67,38,63
34,67,63,40
34,67,40,61
34,67,61,42
34,67,42,59
34,67,59,44
34,67,44,57
35,68,37,66
35,68,66,39
35,68,39,64
35,68,64,41
35,68,41,62
35,68,62,43
35,68,43,60
35,68,60,45
35,68,45,58
36,69,38,67
36,69,67,40
36,69,40,65
36,69,65,42
36,69,42,63
36,69,63,44
36,69,44,61
36,69,61,46
36,69,46,59
37,70,39,68
37,70,68,41
37,70,41,66
37,70,66,43
37,70,43,64
37,70,64,45
37,70,45,62
37,70,62,47
37,70,47,60
38,71,40,69
38,71,69,42
38,71,42,67
38,71,67,44
38,71,44,65
38,71,65,46
38,71,46,63
38,71,63,48
38,71,48,61
39,72,41,70
39,72,70,43
39,72,43,68
39,72,68,45
39,72,45,66
39,72,66,47
39,72,47,64
39,72,64,49
39,72,49,62
13,50,15,48
13,50,48,17
13,50,17,46
13,50,46,19
13,50,19,44
13,50,44,21
13,50,21,42
13,50,42,23
13,50,23,40
15,52,17,50
15,52,50,19
15,52,19,48
15,52,48,21
15,52,21,46
15,52,46,23
15,52,23,44
15,52,44,25
15,52,25,42
17,54,19,52
17,54,52,21
17,54,21,50
17,54,50,23
17,54,23,48
17,54,48,25
17,54,25,46
17,54,46,27
17,54,27,44
19,56,21,54
19,56,54,23
19,56,23,52
19,56,52,25
19,56,25,50
19,56,50,27
19,56,27,48
19,56,48,29
19,56,29,46
21,58,23,56
21,58,56,25
21,58,25,54
21,58,54,27
21,58,27,52
21,58,52,29
21,58,29,50
21,58,50,31
21,58,31,48
23,60,25,58
23,60,58,27
23,60,27,56
23,60,56,29
23,60,29,54
23,60,54,31
23,60,31,52
23,60,52,33
23,60,33,50
25,62,27,60
25,62,60,29
25,62,29,58
25,62,58,31
25,62,31,56
25,62,56,33
25,62,33,54
25,62,54,35
25,62,35,52
27,64,29,62
27,64,62,31
27,64,31,60
27,64,60,33
27,64,33,58
27,64,58,35
27,64,35,56
27,64,56,37
27,64,37,54
29,66,31,64
29,66,64,33
29,66,33,62
29,66,62,35
29,66,35,60
29,66,60,37
29,66,37,58
29,66,58,39
29,66,39,56
31,68,33,66
31,68,66,35
31,68,35,64
31,68,64,37
31,68,37,62
31,68,62,39
31,68,39,60
31,68,60,41
31,68,41,58
33,70,35,68
33,70,68,37
33,70,37,66
33,70,66,39
33,70,39,64
33,70,64,41
33,70,41,62
33,70,62,43
33,70,43,60
35,72,37,70
35,72,70,39
35,72,39,68
35,72,68,41
35,72,41,66
35,72,66,43
35,72,43,64
35,72,64,45
35,72,45,62
9,50,12,47
9,50,47,15
9,50,15,44
9,50,44,18
9,50,18,41
9,50,41,21
9,50,21,38
9,50,38,24
9,50,24,35
11,52,14,49
11,52,49,17
11,52,17,46
11,52,46,20
11,52,20,43
11,52,43,23
11,52,23,40
11,52,40,26
11,52,26,37
13,54,16,51
13,54,51,19
13,54,19,48
13,54,48,22
13,54,22,45
13,54,45,25
13,54,25,42
13,54,42,28
13,54,28,39
15,56,18,53
15,56,53,21
15,56,21,50
15,56,50,24
15,56,24,47
15,56,47,27
15,56,27,44
15,56,44,30
15,56,30,41
17,58,20,55
17,58,55,23
17,58,23,52
17,58,52,26
17,58,26,49
17,58,49,29
17,58,29,46
17,58,46,32
17,58,32,43
19,60,22,57
19,60,57,25
19,60,25,54
19,60,54,28
19,60,28,51
19,60,51,31
19,60,31,48
19,60,48,34
19,60,34,45
21,62,24,59
21,62,59,27
21,62,27,56
21,62,56,30
21,62,30,53
21,62,53,33
21,62,33,50
21,62,50,36
21,62,36,47
23,64,26,61
23,64,61,29
23,64,29,58
23,64,58,32
23,64,32,55
23,64,55,35
23,64,35,52
23,64,52,38
23,64,38,49
25,66,28,63
25,66,63,31
25,66,31,60
25,66,60,34
25,66,34,57
25,66,57,37
25,66,37,54
25,66,54,40
25,66,40,51
27,68,30,65
27,68,65,33
27,68,33,62
27,68,62,36
27,68,36,59
27,68,59,39
27,68,39,56
27,68,56,42
27,68,42,53
29,70,32,67
29,70,67,35
29,70,35,64
29,70,64,38
29,70,38,61
29,70,61,41
29,70,41,58
29,70,58,44
29,70,44,55
31,72,34,69
31,72,69,37
31,72,37,66
31,72,66,40
31,72,40,63
31,72,63,43
31,72,43,60
31,72,60,46
31,72,46,57
5,50,8,47
5,50,47,11
5,50,11,44
5,50,44,14
5,50,14,41
5,50,41,17
5,50,17,38
5,50,38,20
5,50,20,35
7,52,10,49
7,52,49,13
7,52,13,46
7,52,46,16
7,52,16,43
7,52,43,19
7,52,19,40
7,52,40,22
7,52,22,37
9,54,12,51
9,54,51,15
9,54,15,48
9,54,48,18
9,54,18,45
9,54,45,21
9,54,21,42
9,54,42,24
9,54,24,39
11,56,14,53
11,56,53,17
11,56,17,50
11,56,50,20
11,56,20,47
11,56,47,23
11,56,23,44
11,56,44,26
11,56,26,41
13,58,16,55
13,58,55,19
13,58,19,52
13,58,52,22
13,58,22,49
13,58,49,25
13,58,25,46
13,58,46,28
13,58,28,43
15,60,18,57
15,60,57,21
15,60,21,54
15,60,54,24
15,60,24,51
15,60,51,27
15,60,27,48
15,60,48,30
15,60,30,45
17,62,20,59
17,62,59,23
17,62,23,56
17,62,56,26
17,62,26,53
17,62,53,29
17,62,29,50
17,62,50,32
17,62,32,47
19,64,22,61
19,64,61,25
19,64,25,58
19,64,58,28
19,64,28,55
19,64,55,31
19,64,31,52
19,64,52,34
19,64,34,49
21,66,24,63
21,66,63,27
21,66,27,60
21,66,60,30
21,66,30,57
21,66,57,33
21,66,33,54
21,66,54,36
21,66,36,51
23,68,26,65
23,68,65,29
23,68,29,62
23,68,62,32
23,68,32,59
23,68,59,35
23,68,35,56
23,68,56,38
23,68,38,53
25,70,28,67
25,70,67,31
25,70,31,64
25,70,64,34
25,70,34,61
25,70,61,37
25,70,37,58
25,70,58,40
25,70,40,55
27,72,30,69
27,72,69,33
27,72,33,66
27,72,66,36
27,72,36,63
27,72,63,39
27,72,39,60
27,72,60,42
27,72,42,57
1,50,4,47
1,50,47,7
1,50,7,44
1,50,44,10
1,50,10,41
1,50,41,13
1,50,13,38
1,50,38,16
1,50,16,35
3,52,6,49
3,52,49,9
3,52,9,46
3,52,46,12
3,52,12,43
3,52,43,15
3,52,15,40
3,52,40,18
3,52,18,37
5,54,8,51
5,54,51,11
5,54,11,48
5,54,48,14
5,54,14,45
5,54,45,17
5,54,17,42
5,54,42,20
5,54,20,39
7,56,10,53
7,56,53,13
7,56,13,50
7,56,50,16
7,56,16,47
7,56,47,19
7,56,19,44
7,56,44,22
7,56,22,41
9,58,12,55
9,58,55,15
9,58,15,52
9,58,52,18
9,58,18,49
9,58,49,21
9,58,21,46
9,58,46,24
9,58,24,43
11,60,14,57
11,60,57,17
11,60,17,54
11,60,54,20
11,60,20,51
11,60,51,23
11,60,23,48
11,60,48,26
11,60,26,45
13,62,16,59
13,62,59,19
13,62,19,56
13,62,56,22
13,62,22,53
13,62,53,25
13,62,25,50
13,62,50,28
13,62,28,47
15,64,18,61
15,64,61,21
15,64,21,58
15,64,58,24
15,64,24,55
15,64,55,27
15,64,27,52
15,64,52,30
15,64,30,49
17,66,20,63
17,66,63,23
17,66,23,60
17,66,60,26
17,66,26,57
17,66,57,29
17,66,29,54
17,66,54,32
17,66,32,51
19,68,22,65
19,68,65,25
19,68,25,62
19,68,62,28
19,68,28,59
19,68,59,31
19,68,31,56
19,68,56,34
19,68,34,53
21,70,24,67
21,70,67,27
21,70,27,64
21,70,64,30
21,70,30,61
21,70,61,33
21,70,33,58
21,70,58,36
21,70,36,55
23,72,26,69
23,72,69,29
23,72,29,66
23,72,66,32
23,72,32,63
23,72,63,35
23,72,35,60
23,72,60,38
23,72,38,57
1,54,4,51
1,54,51,7
1,54,7,48
1,54,48,10
1,54,10,45
1,54,45,13
1,54,13,42
1,54,42,16
1,54,16,39
3,56,6,53
3,56,53,9
3,56,9,50
3,56,50,12
3,56,12,47
3,56,47,15
3,56,15,44
3,56,44,18
3,56,18,41
5,58,8,55
5,58,55,11
5,58,11,52
5,58,52,14
5,58,14,49
5,58,49,17
5,58,17,46
5,58,46,20
5,58,20,43
7,60,10,57
7,60,57,13
7,60,13,54
7,60,54,16
7,60,16,51
7,60,51,19
7,60,19,48
7,60,48,22
7,60,22,45
9,62,12,59
9,62,59,15
9,62,15,56
9,62,56,18
9,62,18,53
9,62,53,21
9,62,21,50
9,62,50,24
9,62,24,47
11,64,14,61
11,64,61,17
11,64,17,58
11,64,58,20
11,64,20,55
11,64,55,23
11,64,23,52
11,64,52,26
11,64,26,49
13,66,16,63
13,66,63,19
13,66,19,60
13,66,60,22
13,66,22,57
13,66,57,25
13,66,25,54
13,66,54,28
13,66,28,51
15,68,18,65
15,68,65,21
15,68,21,62
15,68,62,24
15,68,24,59
15,68,59,27
15,68,27,56
15,68,56,30
15,68,30,53
17,70,20,67
17,70,67,23
17,70,23,64
17,70,64,26
17,70,26,61
17,70,61,29
17,70,29,58
17,70,58,32
17,70,32,55
19,72,22,69
19,72,69,25
19,72,25,66
19,72,66,28
19,72,28,63
19,72,63,31
19,72,31,60
19,72,60,34
19,72,34,57
1,58,4,55
1,58,55,7
1,58,7,52
1,58,52,10
1,58,10,49
1,58,49,13
1,58,13,46
1,58,46,16
1,58,16,43
3,60,6,57
3,60,57,9
3,60,9,54
3,60,54,12
3,60,12,51
3,60,51,15
3,60,15,48
3,60,48,18
3,60,18,45
5,62,8,59
5,62,59,11
5,62,11,56
5,62,56,14
5,62,14,53
5,62,53,17
5,62,17,50
5,62,50,20
5,62,20,47
7,64,10,61
7,64,61,13
7,64,13,58
7,64,58,16
7,64,16,55
7,64,55,19
7,64,19,52
7,64,52,22
7,64,22,49
9,66,12,63
9,66,63,15
9,66,15,60
9,66,60,18
9,66,18,57
9,66,57,21
9,66,21,54
9,66,54,24
9,66,24,51
11,68,14,65
11,68,65,17
11,68,17,62
11,68,62,20
11,68,20,59
11,68,59,23
11,68,23,56
11,68,56,26
11,68,26,53
13,70,16,67
13,70,67,19
13,70,19,64
13,70,64,22
13,70,22,61
13,70,61,25
13,70,25,58
13,70,58,28
13,70,28,55
15,72,18,69
15,72,69,21
15,72,21,66
15,72,66,24
15,72,24,63
15,72,63,27
15,72,27,60
15,72,60,30
15,72,30,57
1,62,5,58
1,62,58,9
1,62,9,54
1,62,54,13
1,62,13,50
1,62,50,17
1,62,17,46
1,62,46,21
1,62,21,42
3,64,7,60
3,64,60,11
3,64,11,56
3,64,56,15
3,64,15,52
3,64,52,19
3,64,19,48
3,64,48,23
3,64,23,44
5,66,9,62
5,66,62,13
5,66,13,58
5,66,58,17
5,66,17,54
5,66,54,21
5,66,21,50
5,66,50,25
5,66,25,46
7,68,11,64
7,68,64,15
7,68,15,60
7,68,60,19
7,68,19,56
7,68,56,23
7,68,23,52
7,68,52,27
7,68,27,48
9,70,13,66
9,70,66,17
9,70,17,62
9,70,62,21
9,70,21,58
9,70,58,25
9,70,25,54
9,70,54,29
9,70,29,50
11,72,15,68
11,72,68,19
11,72,19,64
11,72,64,23
11,72,23,60
11,72,60,27
11,72,27,56
11,72,56,31
11,72,31,52
1,66,5,62
1,66,62,9
1,66,9,58
1,66,58,13
1,66,13,54
1,66,54,17
1,66,17,50
1,66,50,21
1,66,21,46
3,68,7,64
3,68,64,11
3,68,11,60
3,68,60,15
3,68,15,56
3,68,56,19
3,68,19,52
3,68,52,23
3,68,23,48
5,70,9,66
5,70,66,13
5,70,13,62
5,70,62,17
5,70,17,58
5,70,58,21
5,70,21,54
5,70,54,25
5,70,25,50
7,72,11,68
7,72,68,15
7,72,15,64
7,72,64,19
7,72,19,60
7,72,60,23
7,72,23,56
7,72,56,27
7,72,27,52
1,70,5,66
1,70,66,9
1,70,9,62
1,70,62,13
1,70,13,58
1,70,58,17
1,70,17,54
1,70,54,21
1,70,21,50
3,72,7,68
3,72,68,11
3,72,11,64
3,72,64,15
3,72,15,60
3,72,60,19
3,72,19,56
3,72,56,23
3,72,23,52
